PassengerId,Pclass,Name,Sex,Age,SibSp,Parch,Ticket,Fare,Cabin,Embarked,MiddleName,Count,Family_Group,Family_Survival_Rate,TicketNumeric,SurvivalScore
892,3,0,0,34.5,0,0,330911,-0.497213264973664,,2,Mr,0.0,152.0,0.5,0.5270746303107058,-0.6974408024796472
893,3,2,1,47.0,1,0,363272,-0.5120448863147627,,0,Mrs,1.0,221.0,1.0,0.6260143364190405,0.9863852625984341
894,2,0,0,62.0,0,0,240276,-0.4639744782657966,,2,Mr,0.0,73.0,0.5,0.24996946473705495,-0.3245489344655277
895,3,0,0,27.0,0,0,315154,-0.482308308312379,,0,Mr,0.0,147.0,0.5,0.47889957548702816,-0.6873373584690332
896,3,2,1,22.0,1,1,3101298,-0.4174691532695875,,0,Mrs,2.0,138.0,1.0,8.997186047953887,0.12927161979735335
897,3,0,0,14.0,0,0,7538,-0.47224706011608375,,0,Mr,0.0,260.0,0.5,-0.4615978329435358,-0.57155990748044
898,3,1,1,30.0,0,0,330972,-0.5007905976656801,,2,Miss,0.0,158.0,1.0,0.5272611301738932,0.6714993910560857
899,2,0,0,26.0,1,1,248738,-0.11853829019299361,,0,Mr,2.0,84.0,0.5,0.2758409703483997,-0.1074770205977762
900,3,2,1,18.0,0,0,2657,-0.5079452630497123,,1,Mrs,0.0,100.0,1.0,-0.47652087937333654,1.119878379240384
901,3,0,0,21.0,2,0,A,-0.20528860797438364,,0,Mr,2.0,267.0,0.5,-0.48464432423381193,-0.4913763774045138
902,3,0,0,,0,0,349220,-0.49602201318722267,,0,Mr,0.0,195.0,0.5,0.5830521056401918,-0.7038126365011175
903,1,0,0,46.0,0,0,694,-0.17219828057323486,,0,Mr,0.0,258.0,0.5,-0.48252250611820413,0.17796519936794641
904,1,2,1,23.0,1,0,21228,0.8342252463360718,B45,0,Mrs,3.0,52.0,0.75,-0.4197423718445864,1.9122944060588112
905,2,0,0,63.0,1,0,24065,-0.17219828057323486,,0,Mr,3.0,74.0,0.75,-0.41106859951896774,0.08939073057603797
906,1,2,1,47.0,1,0,WEP,0.45696510663509365,E31,0,Mrs,1.0,340.0,1.0,-0.48464432423381193,2.060677199832235
907,2,2,1,24.0,1,0,SCPARIS,-0.14141891009112845,,1,Mrs,1.0,323.0,1.0,-0.48464432423381193,1.5571458349816303
908,2,0,0,35.0,0,0,233734,-0.41635123680333247,,2,Mr,0.0,60.0,0.5,0.2299681187539047,-0.308338032923435
909,3,0,0,21.0,0,0,2692,-0.5080203870362445,,1,Mr,0.0,119.0,0.5,-0.4764138712551142,-0.5801562476898972
910,3,1,1,27.0,1,0,STONO,-0.4954997226141883,,0,Miss,3.0,335.0,0.6666666666666666,-0.48464432423381193,0.4611290660166096
911,3,2,1,45.0,0,0,2696,-0.5080203870362445,,1,Mrs,0.0,120.0,1.0,-0.47640164175588884,1.1198422847701959
912,1,0,0,55.0,1,0,PC,0.42521627899345094,,1,Mr,1.0,299.0,0.5,-0.48464432423381193,0.35147003981615815
913,3,3,0,9.0,0,1,C,-0.5805364980361026,,0,Master,1.0,270.0,0.5,-0.48464432423381193,0.5098017344775877
914,1,2,1,,0,0,PC,-0.07054300613055985,,0,Mrs,0.0,295.0,1.0,-0.48464432423381193,1.9076998471301951
915,1,0,0,21.0,0,1,PC,0.46061756331364206,,1,Mr,1.0,300.0,0.5,-0.48464432423381193,0.4817364122690136
916,1,2,1,48.0,1,3,PC,4.0557617948032725,B57 B59 B63 B66,1,Mrs,16.0,312.0,0.8,-0.48464432423381193,3.2643282394010065
917,3,0,0,50.0,1,0,A,-0.3778949103641596,,0,Mr,7.0,266.0,0.5,-0.48464432423381193,-0.5414322050975489
918,1,1,1,22.0,0,1,113509,0.4713495613896903,B36,1,Miss,1.0,14.0,1.0,-0.13760476733968133,1.813203944883772
919,3,0,0,22.5,0,0,2698,-0.5080203870362445,,1,Mr,0.0,121.0,0.5,-0.47639552700627613,-0.5801584489997578
920,1,0,0,41.0,0,0,113054,-0.09170829500287299,A21,0,Mr,0.0,11.0,0.5,-0.13899587287657117,0.16008409919435534
921,3,0,0,,2,0,2662,-0.24948297605155026,,1,Mr,5.0,104.0,0.5,-0.47650559249930474,-0.5051693919550331
922,2,0,0,50.0,1,0,SCAH,-0.17219828057323486,,0,Mr,3.0,318.0,0.75,-0.48464432423381193,0.0982198175418193
923,2,0,0,24.0,2,0,CA,-0.07382163154279257,,0,Mr,6.0,282.0,0.5,-0.48464432423381193,-0.1232509542393525
924,3,2,1,33.0,1,2,CA,-0.2692334298441711,,0,Mrs,7.0,279.0,1.0,-0.48464432423381193,1.4300796242532479
925,3,2,1,,1,2,WC,-0.2178092723964399,,0,Mrs,7.0,338.0,0.75,-0.48464432423381193,1.19499262991309
926,1,0,0,30.0,1,0,13236,0.3957032842843183,C78,1,Mr,3.0,34.0,0.75,-0.44417691129694603,0.5880551817980858
927,3,0,0,18.5,0,0,2682,-0.5079452630497123,,1,Mr,0.0,115.0,0.5,-0.47644444500317773,-0.5801307928840354
928,3,1,1,,0,0,342712,-0.4932638896816782,,0,Miss,0.0,166.0,1.0,0.5631547104004575,0.6693749067442585
929,3,1,1,21.0,0,0,315087,-0.482308308312379,,0,Miss,0.0,141.0,1.0,0.4786947313750026,0.6826872228244099
930,3,0,0,25.0,0,0,345768,-0.46732822766456167,,0,Mr,0.0,172.0,0.5,0.5724980478086671,-0.694224951759763
931,3,0,0,,0,0,1601,0.37326983097268546,,0,Mr,0.0,39.0,0.5,-0.4797494671688435,-0.32418181295766
932,3,0,0,39.0,0,1,349256,-0.39727153289046474,,1,Mr,1.0,204.0,0.5,0.5831621711332204,-0.5551882050742212
933,1,0,0,,0,0,113778,-0.1623606156701906,D34,0,Mr,0.0,16.0,0.5,-0.13678233351677282,0.13932930147765743
934,3,0,0,41.0,0,0,SOTONOQ,-0.4968412223736943,,0,Mr,0.0,332.0,0.5,-0.48464432423381193,-0.5759266355803139
935,2,2,1,30.0,0,0,237249,-0.4047249055542802,,0,Mrs,0.0,65.0,1.0,0.24071479119822953,1.3937440024454713
936,1,2,1,45.0,1,0,11753,0.3027677582784325,D19,0,Mrs,1.0,24.0,1.0,-0.448710998134765,2.0116479696769174
937,3,0,0,25.0,0,0,STONO,-0.4954997226141883,,0,Mr,3.0,335.0,0.6666666666666666,-0.48464432423381193,-0.40887093398339036
938,1,0,0,45.0,0,0,PC,-0.10601762577093733,A9,1,Mr,1.0,293.0,0.5,-0.48464432423381193,0.19741220743448556
939,3,0,0,,0,0,370374,-0.4986298887197024,,2,Mr,0.0,242.0,0.5,0.6477278122937474,-0.7123300052039634
940,1,2,1,60.0,0,0,11813,0.7273524321620913,D15,1,Mrs,0.0,30.0,1.0,-0.44852755564638397,2.1347555120045727
941,3,2,1,36.0,0,2,CA,-0.35285358152004703,,0,Mrs,2.0,277.0,1.0,-0.48464432423381193,1.405829780267244
942,1,0,0,24.0,1,0,13695,0.4359482770694992,C31,0,Mr,3.0,37.0,0.75,-0.4427735762608308,0.5995578295014544
943,2,0,0,27.0,0,0,SCPARIS,-0.3683559527408987,,1,Mr,0.0,322.0,0.5,-0.48464432423381193,-0.20866590738680324
944,2,1,1,20.0,2,1,29105,-0.22585827095347608,,0,Miss,3.0,131.0,1.0,-0.3956594304949571,1.311980233082887
945,1,1,1,28.0,3,2,19950,4.066940959465823,C23 C25 C27,0,Miss,11.0,49.0,1.0,-0.42364969684710335,3.010250841866741
946,2,0,0,,0,0,SCA,-0.35859162315804083,,1,Mr,0.0,317.0,0.5,-0.48464432423381193,-0.20583425180777448
947,3,3,0,10.0,4,1,382652,-0.11630245726048355,,2,Master,5.0,248.0,0.5,0.6852662601661288,0.5040403361745243
948,3,0,0,35.0,0,0,349230,-0.49602201318722267,,0,Mr,0.0,198.0,0.5,0.5830826793882553,-0.703816305350885
949,3,0,0,25.0,0,0,348122,-0.5004185550657104,F G63,0,Mr,0.0,191.0,0.5,0.5796951081028181,-0.7046847939413943
950,3,0,0,,1,0,386525,-0.34927624882803093,,0,Mr,1.0,252.0,0.5,0.6971074727911274,-0.6749430088950643
951,1,1,1,36.0,0,0,PC,4.0557617948032725,B61,1,Miss,16.0,312.0,0.8,-0.48464432423381193,2.5743282394010065
952,3,0,0,17.0,0,0,349232,-0.49602201318722267,,0,Mr,0.0,199.0,0.5,0.5830887941378681,-0.7038170391208387
953,2,0,0,32.0,0,0,237216,-0.39578157382424,,0,Mr,0.0,64.0,0.5,0.24061389782961995,-0.30365032414858395
954,3,0,0,18.0,0,0,347090,-0.4986298887197024,,0,Mr,0.0,185.0,0.5,0.5765398973026635,-0.7037874554050334
955,3,1,1,22.0,0,0,334914,-0.4990770553062044,,2,Miss,0.0,159.0,1.0,0.53931330166053,0.6705500577619372
956,1,3,0,13.0,2,2,PC,4.0557617948032725,B57 B59 B63 B66,1,Master,16.0,312.0,0.8,-0.48464432423381193,2.9343282394010064
957,2,2,1,,0,0,FCC,-0.26163159787363693,,0,Mrs,2.0,289.0,1.0,-0.48464432423381193,1.5222841555247029
958,3,1,1,18.0,0,0,330963,-0.49631893180066,,2,Miss,0.0,155.0,1.0,0.527233613800636,0.6727994761217324
959,1,0,0,47.0,0,0,113796,0.1211430001720839,,0,Mr,0.0,22.0,0.5,-0.1367273007702585,0.22153874614233532
960,1,0,0,31.0,0,0,2543,-0.12681087204328076,C53,1,Mr,0.0,89.0,0.5,-0.47686942010126054,0.19044917751959983
961,1,2,1,60.0,1,4,19950,4.066940959465823,C23 C25 C27,0,Mrs,11.0,49.0,1.0,-0.42364969684710335,3.580250841866741
962,3,1,1,24.0,0,0,382653,-0.4986298887197024,,2,Miss,0.0,249.0,1.0,0.6852693175409351,0.6531650141663743
963,3,0,0,21.0,0,0,349211,-0.49602201318722267,,0,Mr,0.0,194.0,0.5,0.5830245892669347,-0.7038093345363265
964,3,1,1,29.0,0,0,3101297,-0.4954997226141883,,0,Miss,0.0,137.0,1.0,8.99718299057908,-0.343356878427604
965,1,0,0,28.5,0,0,PC,-0.14141891009112845,D43,1,Mr,1.0,292.0,0.75,-0.48464432423381193,0.4371458349816302
966,1,1,1,35.0,0,0,113503,3.145777791271682,C130,1,Miss,7.0,13.0,0.75,-0.13762311158851942,2.21879033285941
967,1,0,0,32.5,0,0,113503,3.145777791271682,C132,1,Mr,7.0,13.0,0.75,-0.13762311158851942,1.34879033285941
968,3,0,0,,0,0,359306,-0.4932638896816782,,0,Mr,0.0,219.0,0.5,0.6138887879370512,-0.7067131825601327
969,1,2,1,55.0,2,0,11770,-0.17756427961125898,C101,0,Mrs,2.0,28.0,1.0,-0.448659022763057,1.8723454416443017
970,2,0,0,30.0,0,0,248744,-0.4047249055542802,,0,Mr,0.0,85.0,0.5,0.27585931459723784,-0.3104733403624098
971,3,1,1,24.0,0,0,368702,-0.4986298887197024,,2,Miss,0.0,236.0,1.0,0.642615881617528,0.6582834264771831
972,3,3,0,6.0,1,1,2678,-0.36455503675563167,,1,Master,2.0,111.0,0.5,-0.47645667450240314,0.5714538402811552
973,1,0,0,67.0,1,0,PC,3.3296383823105407,C55 C57,0,Mr,4.0,309.0,0.8333333333333333,-0.48464432423381193,1.5270857831114473
974,1,0,0,49.0,0,0,19924,-0.17219828057323486,,0,Mr,0.0,47.0,0.5,-0.4237291885920685,0.1709100012648101
975,3,0,0,,0,0,349238,-0.49602201318722267,,0,Mr,0.0,201.0,0.5,0.5831071383867061,-0.7038192404306991
976,2,0,0,,0,0,240261,-0.4457157722057465,,2,Mr,0.0,72.0,0.5,0.24992360411495967,-0.31924840643346175
977,3,0,0,,1,0,2660,-0.3787141195506313,,1,Mr,3.0,102.0,0.75,-0.47651170724891745,-0.2926456897998131
978,3,1,1,27.0,0,0,330844,-0.49631893180066,,2,Miss,0.0,150.0,1.0,0.5268697861986802,0.6728431354339671
979,3,1,1,18.0,0,0,A,-0.4932638896816782,,0,Miss,7.0,265.0,0.6666666666666666,-0.48464432423381193,0.4617774575670375
980,3,11,1,,0,0,364856,-0.4986298887197024,,2,Ms,0.0,224.0,1.0,0.6308572181123009,3.959694466097811
981,2,3,0,2.0,1,1,29103,-0.22585827095347608,,0,Master,5.0,130.0,0.75,-0.3956655452445698,1.1819809668528403
982,3,2,1,22.0,1,0,347072,-0.38862690844020786,,0,Mrs,3.0,179.0,0.75,0.5764848645561492,0.778120012805602
983,3,0,0,,0,0,345498,-0.4981827221332004,,0,Mr,0.0,168.0,0.5,0.5716725566109523,-0.7030736962119424
984,1,2,1,27.0,1,2,FC,0.2928549693888559,B71,0,Mrs,3.0,287.0,1.0,-0.48464432423381193,2.2530852600308258
985,3,0,0,,0,0,376563,-0.4932638896816782,,0,Mr,0.0,245.0,0.5,0.6666499049702557,-0.7130445166041173
986,1,0,0,25.0,0,0,13905,-0.17219828057323486,,1,Mr,0.0,38.0,0.5,-0.442131527551497,0.17311828193994155
987,3,0,0,25.0,0,0,350033,-0.4978106795332307,,0,Mr,0.0,209.0,0.5,0.5855377513577554,-0.7046296272275674
988,1,2,1,76.0,1,0,19877,0.7731118832920149,C46,0,Mrs,1.0,46.0,1.0,-0.423872885207967,2.1450671923796403
989,3,0,0,29.0,0,0,STONO,-0.4954997226141883,,0,Mr,3.0,335.0,0.6666666666666666,-0.48464432423381193,-0.40887093398339036
990,3,1,1,20.0,0,0,347471,-0.496766098387162,,0,Miss,0.0,190.0,1.0,0.5777047571038834,0.6666132606152572
991,3,0,0,33.0,0,0,A,-0.4932638896816782,,0,Mr,7.0,265.0,0.6666666666666666,-0.48464432423381193,-0.4082225424329625
992,1,2,1,43.0,1,0,11778,0.3544154990194146,C116,1,Mrs,3.0,29.0,0.75,-0.44863456376460625,1.776616642367383
993,2,0,0,27.0,1,0,228414,-0.17219828057323486,,0,Mr,1.0,57.0,0.5,0.21370288478411573,-0.23558184754033196
994,3,0,0,,0,0,365235,-0.4986298887197024,,2,Mr,0.0,227.0,0.5,0.6320159631639081,-0.7104445833083828
995,3,0,0,26.0,0,0,347070,-0.4981827221332004,,0,Mr,0.0,178.0,0.5,0.5764787498065366,-0.7036504393954124
996,3,2,1,16.0,1,1,2625,-0.48491618384485874,,1,Mrs,2.0,92.0,1.0,-0.47661871536713973,1.2465685525290477
997,3,0,0,28.0,0,0,C,-0.2343544360970143,,0,Mr,1.0,271.0,0.5,-0.48464432423381193,-0.4998054675600766
998,3,0,0,21.0,0,0,330920,-0.4973635129467287,,2,Mr,0.0,153.0,0.5,0.5271021466839629,-0.6974876763566269
999,3,0,0,,0,0,383162,-0.4986298887197024,,2,Mr,0.0,251.0,0.5,0.686825521317368,-0.7170217302867978
1000,3,0,0,,0,0,3410,-0.481413975139375,,0,Mr,0.0,163.0,0.5,-0.47421867614415397,-0.5727038116531202
1001,2,0,0,18.5,0,0,248734,-0.4047249055542802,F,0,Mr,0.0,83.0,0.5,0.2758287408491743,-0.31046967151264226
1002,2,0,0,41.0,0,0,237734,-0.3681323694476477,,1,Mr,0.0,68.0,0.5,0.24219761797930991,-0.295822101297335
1003,3,1,1,,0,0,330968,-0.49810759814666805,,2,Miss,0.0,156.0,1.0,0.5272489006746678,0.6722789284565063
1004,1,1,1,36.0,0,0,PC,-0.07061634145074613,A29,1,Miss,0.0,294.0,1.0,-0.48464432423381193,1.577678579887341
1005,3,1,1,18.5,0,0,329944,-0.5069775945565219,,2,Miss,0.0,149.0,1.0,0.524118148872964,0.6700823197138531
1006,1,2,1,63.0,1,0,PC,3.3296383823105407,C55 C57,0,Mrs,4.0,309.0,0.8333333333333333,-0.48464432423381193,2.7270857831114474
1007,3,0,0,18.0,1,0,2680,-0.3787141195506313,,1,Mr,1.0,113.0,0.5,-0.47645055975279044,-0.5426530274993482
1008,3,0,0,,0,0,2681,-0.5221061345110579,,1,Mr,0.0,114.0,0.5,-0.4764475023779841,-0.5842370787228488
1009,3,1,1,1.0,1,1,PP,-0.3385442507519827,G6,0,Miss,2.0,314.0,1.0,-0.48464432423381193,0.9599794861899825
1010,1,0,0,36.0,0,0,13050,0.7085714355290067,C6,1,Mr,1.0,33.0,0.5,-0.44474558301092737,0.4288551862647232
1011,2,2,1,29.0,1,0,SCAH,-0.17219828057323486,,0,Mrs,3.0,318.0,0.75,-0.48464432423381193,1.2982198175418194
1012,2,1,1,12.0,0,0,CA,-0.3555365810390591,,0,Miss,0.0,276.0,1.0,-0.48464432423381193,1.1650517104067304
1013,3,0,0,,1,0,367227,-0.4986298887197024,,2,Mr,1.0,232.0,0.5,0.6381062537781599,-0.7111754181820928
1014,1,2,1,35.0,1,0,13236,0.3957032842843183,C28,1,Mrs,3.0,34.0,0.75,-0.44417691129694603,1.7880551817980859
1015,3,0,0,28.0,0,0,392095,-0.5075732204497426,,0,Mr,0.0,254.0,0.5,0.7141370504625042,-0.7228926799859259
1016,3,0,0,,0,0,368783,-0.4986298887197024,,2,Mr,0.0,237.0,0.5,0.6428635289768425,-0.7117462912059349
1017,3,1,1,17.0,0,1,371362,-0.34927624882803093,,0,Miss,1.0,244.0,1.0,0.6507484986024225,0.8206200680075805
1018,3,0,0,22.0,0,0,350045,-0.4978106795332307,,0,Mr,0.0,210.0,0.5,0.5855744398554317,-0.7046340298472886
1019,3,1,1,,2,0,367226,-0.22138660508845598,,2,Miss,2.0,231.0,1.0,0.6381031964033534,0.7392255009559454
1020,2,0,0,42.0,0,0,211535,-0.4047249055542802,,0,Mr,0.0,51.0,0.5,0.162097455427712,-0.29682191726206675
1021,3,0,0,24.0,0,0,342441,-0.4932638896816782,,0,Mr,0.0,164.0,0.5,0.5623261618279364,-0.700525667427039
1022,3,0,0,32.0,0,0,STONOQ,-0.4932638896816782,,0,Mr,0.0,336.0,0.5,-0.48464432423381193,-0.5748892090996292
1023,1,8,0,53.0,0,0,113780,-0.1274816219230338,C51,1,Col,0.0,17.0,0.5,-0.13677621876716012,2.78944347589438
1024,3,2,1,,0,4,4133,-0.18173723819649573,,0,Mrs,4.0,255.0,1.0,-0.472008194159162,1.6939371842221158
1025,3,0,0,,1,0,2621,-0.5221061345110579,,1,Mr,1.0,90.0,0.5,-0.47663094486636515,-0.5842150656242431
1026,3,0,0,43.0,0,0,349226,-0.49602201318722267,,0,Mr,0.0,196.0,0.5,0.5830704498890299,-0.7038148378109781
1027,3,0,0,24.0,0,0,350409,-0.496766098387162,,0,Mr,0.0,216.0,0.5,0.5866873242849435,-0.7044646474464702
1028,3,0,0,26.5,0,0,2656,-0.5080203870362445,,1,Mr,0.0,99.0,0.5,-0.47652393674814286,-0.5801430398307337
1029,2,0,0,26.0,0,0,248659,-0.4047249055542802,,0,Mr,0.0,81.0,0.5,0.27559943773869794,-0.310442155139385
1030,3,1,1,23.0,0,0,SOTONOQ,-0.4932638896816782,,0,Miss,0.0,333.0,1.0,-0.48464432423381193,0.7951107909003708
1031,3,0,0,40.0,1,6,CA,0.20163298574244576,,0,Mr,15.0,284.0,0.75,-0.48464432423381193,0.5966308847733667
1032,3,1,1,10.0,5,2,CA,0.20163298574244576,,0,Miss,15.0,284.0,0.75,-0.48464432423381193,0.9866308847733668
1033,1,1,1,33.0,0,0,113781,2.073472316839861,,0,Miss,4.0,18.0,0.75,-0.13677316139235376,1.9077197512506423
1034,1,0,0,61.0,1,3,PC,4.0557617948032725,B57 B59 B63 B66,1,Mr,16.0,312.0,0.8,-0.48464432423381193,2.0643282394010063
1035,2,0,0,28.0,0,0,244358,-0.17219828057323486,,0,Mr,0.0,78.0,0.5,0.262449668696581,-0.24143146160982787
1036,1,0,0,42.0,0,0,17475,-0.1623606156701906,,0,Mr,0.0,43.0,0.5,-0.4312166994928228,0.17466142539478346
1037,3,0,0,31.0,3,0,345763,-0.31529158825387815,,0,Mr,3.0,171.0,0.5,0.5724827609346353,-0.6501324919057809
1038,1,0,0,,0,0,17463,0.2903955531630948,E46,0,Mr,0.0,41.0,0.5,-0.43125338799049906,0.30596511697615736
1039,3,0,0,22.0,0,0,SCA,-0.4932638896816782,,0,Mr,0.0,316.0,0.5,-0.48464432423381193,-0.5748892090996292
1040,1,0,0,,0,0,113791,-0.1623606156701906,,0,Mr,0.0,20.0,0.5,-0.13674258764429026,0.13932453197295952
1041,2,4,0,30.0,1,1,250651,-0.17219828057323486,,0,Rev,2.0,88.0,0.5,0.28168972835294975,1.1962597312314078
1042,1,2,1,23.0,0,1,11767,0.8501729954770794,C54,1,Mrs,1.0,26.0,1.0,-0.4486681948874761,2.2903903520748505
1043,3,0,0,,0,0,349255,-0.49602201318722267,,1,Mr,0.0,203.0,0.5,0.5831591137584141,-0.7038254774753041
1044,3,0,0,60.5,0,0,3701,,,0,Mr,,,,-0.4733289800755058,
1045,3,2,1,36.0,0,2,350405,-0.4193329436021279,,0,Mrs,5.0,214.0,1.0,0.5866750947857181,1.2579924349810967
1046,3,3,0,13.0,4,2,347077,-0.07583388118205163,,0,Master,20.0,181.0,0.5,0.576500151430181,0.6488281562855833
1047,3,0,0,24.0,0,0,SOPP,-0.5022072214117185,,0,Mr,1.0,327.0,0.5,-0.48464432423381193,-0.5774827753013407
1048,1,1,1,29.0,0,0,PC,3.3296383823105407,C97,0,Miss,4.0,309.0,0.8333333333333333,-0.48464432423381193,2.3970857831114474
1049,3,1,1,23.0,0,0,347469,-0.496766098387162,,0,Miss,0.0,189.0,1.0,0.5776986423542707,0.6666139943852107
1050,1,0,0,42.0,0,0,110489,-0.1623606156701906,D22,0,Mr,0.0,1.0,0.5,-0.14683803925486227,0.1405359861662282
1051,3,2,1,26.0,0,2,SOTONOQ,-0.3908627413727179,,0,Mrs,8.0,334.0,0.8333333333333333,-0.48464432423381193,1.2281404572433026
1052,3,1,1,,0,0,335432,-0.49892859599948575,,2,Miss,0.0,161.0,1.0,0.54089702181022,0.6704030645429229
1053,3,3,0,7.0,1,1,2650,-0.36455503675563167,,1,Master,5.0,94.0,0.75,-0.476542280996981,0.8214641130605045
1054,2,1,1,26.0,0,0,220844,-0.39578157382424,,0,Miss,0.0,54.0,1.0,0.19055855750003634,1.072356316690966
1055,3,0,0,,0,0,343271,-0.5120448863147627,,0,Mr,0.0,167.0,0.5,0.564863782917208,-0.7062766709813462
1056,2,4,0,41.0,0,0,237393,-0.4047249055542802,,0,Rev,0.0,66.0,0.5,0.2411550531703441,1.0136911710088174
1057,3,2,1,26.0,1,1,315153,-0.2432977678270545,,0,Mrs,7.0,146.0,0.75,0.47889651811222184,0.9519760651566876
1058,1,0,0,48.0,0,0,PC,0.26594985021220297,B10,1,Mr,0.0,298.0,0.5,-0.48464432423381193,0.30528277546959626
1059,3,0,0,18.0,2,2,WC,-0.022397474095061386,,0,Mr,4.0,339.0,0.5,-0.48464432423381193,-0.19833794857951037
1060,1,2,1,,0,0,17770,-0.14141891009112845,,1,Mrs,0.0,45.0,1.0,-0.4303147739249492,1.8806262889445668
1061,3,1,1,22.0,0,0,7548,-0.47694230927435494,,0,Miss,0.0,261.0,1.0,-0.46156725919547226,0.7970748014138939
1062,3,0,0,,0,0,SOPP,-0.5022072214117185,,0,Mr,1.0,327.0,0.5,-0.48464432423381193,-0.5774827753013407
1063,3,0,0,27.0,0,0,2670,-0.5080203870362445,,1,Mr,0.0,106.0,0.5,-0.47648113350085397,-0.5801481762204084
1064,3,0,0,23.0,1,0,347072,-0.38862690844020786,,0,Mr,3.0,179.0,0.75,0.5764848645561492,-0.42187998719439834
1065,3,0,0,,0,0,2673,-0.5079452630497123,,1,Mr,0.0,108.0,0.5,-0.4764719613764349,-0.5801274909192444
1066,3,0,0,40.0,1,5,347077,-0.07583388118205163,,0,Mr,20.0,181.0,0.5,0.576500151430181,0.018828156285583264
1067,2,1,1,15.0,0,2,29750,0.06032834440781053,,0,Miss,2.0,134.0,1.0,-0.39368742374486054,1.5147377107276483
1068,2,1,1,20.0,0,0,CA,0.020083351622629596,,0,Miss,3.0,283.0,1.0,-0.48464432423381193,1.27398149087862
1069,1,0,0,54.0,1,0,11778,0.3544154990194146,C116,1,Mr,3.0,29.0,0.75,-0.44863456376460625,0.576616642367383
1070,2,2,1,36.0,0,3,230136,0.06032834440781053,F4,0,Mrs,7.0,58.0,1.0,0.21896768420065268,1.8912190977741867
1071,1,2,1,64.0,0,2,PC,0.8501729954770794,E45,1,Mrs,5.0,304.0,0.75,-0.48464432423381193,2.1647074875964103
1072,2,0,0,30.0,0,0,233478,-0.4047249055542802,,0,Mr,0.0,59.0,0.5,0.22918543080347875,-0.3048724743071587
1073,1,0,0,37.0,1,1,PC,0.8501729954770794,E52,1,Mr,5.0,304.0,0.75,-0.48464432423381193,0.8447074875964105
1074,1,2,1,18.0,1,0,113773,0.3125302991949444,D30,0,Mrs,1.0,15.0,1.0,-0.1367976203908046,1.9770495012134306
1075,3,0,0,,0,0,7935,-0.4986298887197024,,2,Mr,0.0,262.0,0.5,-0.4603840551454143,-0.579356581111264
1076,1,2,1,27.0,1,1,PC,3.7900697184345464,B58 B60,1,Mrs,2.0,311.0,1.0,-0.48464432423381193,3.1472775372540758
1077,2,0,0,40.0,0,0,239059,-0.351064915174039,,0,Mr,0.0,71.0,0.5,0.2462486395977254,-0.2913586621521984
1078,2,1,1,21.0,0,1,SOPP,-0.26163159787363693,,0,Miss,3.0,328.0,0.75,-0.48464432423381193,1.0622841555247027
1079,3,0,0,17.0,2,0,A,-0.4932638896816782,,0,Mr,7.0,265.0,0.6666666666666666,-0.48464432423381193,-0.4082225424329625
1080,3,1,1,,8,2,CA,0.6067659131132671,,0,Miss,43.0,285.0,0.75,-0.48464432423381193,1.104119433710905
1081,2,0,0,40.0,0,0,28221,-0.4047249055542802,,0,Mr,0.0,126.0,0.5,-0.39836214982377166,-0.22956676463188874
1082,2,0,0,34.0,1,0,226875,-0.17219828057323486,,0,Mr,1.0,56.0,0.5,0.20899758495714105,-0.235017211561095
1083,1,0,0,,0,0,111163,-0.17219828057323486,,0,Mr,0.0,3.0,0.5,-0.1447773686353815,0.13743578287000768
1084,3,3,0,11.5,1,1,A,-0.3778949103641596,,0,Master,7.0,266.0,0.5,-0.48464432423381193,0.5685677949024511
1085,2,0,0,61.0,0,0,235509,-0.41635123680333247,,2,Mr,0.0,61.0,0.5,0.23539495903517826,-0.3089892537571878
1086,2,3,0,8.0,0,2,28220,-0.05593496808271216,,0,Master,5.0,125.0,0.5,-0.39836520719857804,1.1015826841198428
1087,3,0,0,33.0,0,0,347465,-0.496766098387162,,0,Mr,0.0,187.0,0.5,0.5776864128550453,-0.7033845380748824
1088,1,3,0,6.0,0,2,16966,1.76850470484549,E34,1,Master,6.0,40.0,0.6666666666666666,-0.43277290326925566,2.131465779464169
1089,3,1,1,18.0,0,0,347066,-0.4981827221332004,,0,Miss,0.0,177.0,1.0,0.5764665203073112,0.6663510281444947
1090,2,0,0,23.0,0,0,CA,-0.4494415642044812,,0,Mr,3.0,273.0,0.5,-0.48464432423381193,-0.23218073471124212
1091,3,2,1,,0,0,65305,-0.49214597321542325,,0,Mrs,0.0,256.0,1.0,-0.2849824625050398,1.1014755632681321
1092,3,1,1,,0,0,36568,-0.3600082469040792,,2,Miss,0.0,229.0,1.0,-0.37284224231515734,0.820338677475636
1093,3,3,0,0.33,0,2,347080,-0.37968357671016767,,0,Master,2.0,183.0,0.5,0.5765093235546,0.5607106439274994
1094,1,8,0,47.0,1,0,PC,3.4324115732194707,C62 C64,1,Col,1.0,310.0,0.5,-0.48464432423381193,3.863556675141704
1095,2,1,1,8.0,1,1,26360,-0.17219828057323486,,0,Miss,2.0,93.0,1.0,-0.4040519243383915,1.328548729554369
1096,2,0,0,25.0,0,0,CA,-0.4494415642044812,,0,Mr,3.0,273.0,0.5,-0.48464432423381193,-0.23218073471124212
1097,1,0,0,,0,0,FC,-0.1768184057449736,,1,Mr,0.0,286.0,0.5,-0.48464432423381193,0.1768799812420151
1098,3,1,1,35.0,0,0,9232,-0.4986298887197024,,2,Miss,0.0,263.0,1.0,-0.45641864002157667,0.7901675690738756
1099,2,0,0,24.0,0,0,28034,-0.4494415642044812,,0,Mr,0.0,123.0,0.5,-0.3989338789125594,-0.24246598814979237
1100,1,1,1,33.0,0,0,PC,-0.14141891009112845,A11,1,Miss,1.0,292.0,0.75,-0.48464432423381193,1.3071458349816303
1101,3,0,0,25.0,0,0,349250,-0.49602201318722267,,0,Mr,0.0,202.0,0.5,0.5831438268843824,-0.7038236430504203
1102,3,0,0,32.0,0,0,C,-0.2343544360970143,,0,Mr,1.0,271.0,0.5,-0.48464432423381193,-0.4998054675600766
1103,3,0,0,,0,0,SOTONOQ,-0.5111505531417586,,0,Mr,1.0,330.0,0.5,-0.48464432423381193,-0.5800763415030525
1104,2,0,0,17.0,0,0,SOC,0.6774182337805847,,0,Mr,1.0,326.0,0.5,-0.48464432423381193,0.09460860670442695
1105,2,2,1,60.0,1,0,24065,-0.17219828057323486,,0,Mrs,3.0,74.0,0.75,-0.41106859951896774,1.289390730576038
1106,3,1,1,38.0,4,2,347091,-0.4981827221332004,,0,Miss,6.0,186.0,1.0,0.5765429546774699,0.9063418560200757
1107,1,0,0,42.0,0,0,113038,0.12293166651809197,B11,0,Mr,0.0,9.0,0.5,-0.1390447908734728,0.2223355581950634
1108,3,1,1,,0,0,330924,-0.49631893180066,,2,Miss,0.0,154.0,1.0,0.5271143761831883,0.6728137846358261
1109,1,0,0,57.0,1,1,36928,2.311663648138714,,0,Mr,3.0,238.0,0.75,-0.37174158738487084,1.2549914484464115
1110,1,2,1,50.0,1,1,113503,3.145777791271682,C80,1,Mrs,7.0,13.0,0.75,-0.13762311158851942,2.66879033285941
1111,3,0,0,,0,0,32302,-0.4932638896816782,,0,Mr,0.0,148.0,0.5,-0.385885003239052,-0.5867403276190004
1112,2,1,1,30.0,1,0,SCPARIS,-0.3893727823064932,,1,Miss,2.0,320.0,0.75,-0.48464432423381193,0.9052392120391745
1113,3,0,0,21.0,0,0,342684,-0.4932638896816782,,0,Mr,0.0,165.0,0.5,0.5630691039058797,-0.7006148204763922
1114,2,2,1,22.0,0,0,WC,-0.4494415642044812,F33,0,Mrs,1.0,337.0,0.75,-0.48464432423381193,1.217819265288758
1115,3,0,0,21.0,0,0,350053,-0.4978106795332307,,0,Mr,0.0,211.0,0.5,0.5855988988538825,-0.7046369649271027
1116,1,2,1,53.0,0,0,PC,-0.1463377425426506,,1,Mrs,0.0,291.0,1.0,-0.48464432423381193,1.885719373570689
1117,3,2,1,,0,2,2661,-0.36455503675563167,,1,Mrs,2.0,103.0,1.0,-0.4765086498741111,1.4014600773257602
1118,3,0,0,23.0,0,0,350054,-0.4978106795332307,,0,Mr,0.0,212.0,0.5,0.5856019562286888,-0.7046373318120795
1119,3,1,1,,0,0,370368,-0.4986298887197024,,2,Miss,0.0,240.0,1.0,0.6477094680449093,0.6576721961058973
1120,3,0,0,40.5,0,0,CA,-0.3671629122881113,,0,Mr,0.0,275.0,0.5,-0.48464432423381193,-0.5383199256554947
1121,2,0,0,36.0,0,0,242963,-0.4047249055542802,,0,Mr,0.0,76.0,0.5,0.2581846308417209,-0.3083523783117478
1122,2,0,0,14.0,0,0,220845,0.5253815943699013,,0,Mr,8.0,55.0,0.6666666666666666,0.19056161487484266,0.13615993524895686
1123,1,1,1,21.0,0,0,113795,-0.1623606156701906,,0,Miss,0.0,21.0,1.0,-0.13673035814506485,1.5093230644330524
1124,3,0,0,21.0,1,0,3101266,-0.5210633420313353,,0,Mr,1.0,135.0,0.5,8.997088211960085,-1.7207589546242974
1125,3,0,0,,0,0,330971,-0.49631893180066,,2,Mr,0.0,157.0,0.5,0.5272580727990869,-0.6972034589580818
1126,1,0,0,39.0,1,0,PC,0.6377688668886244,C85,1,Mr,1.0,302.0,0.5,-0.48464432423381193,0.4131102903057585
1127,3,0,0,20.0,0,0,350416,-0.496766098387162,,0,Mr,0.0,218.0,0.5,0.586708725908588,-0.7044672156413074
1128,1,0,0,64.0,1,0,110813,0.7087198948357255,D37,1,Mr,1.0,2.0,0.5,-0.14584744981760445,0.3930304634804729
1129,3,0,0,20.0,0,0,2679,-0.5080203870362445,,1,Mr,0.0,112.0,0.5,-0.4764536171275968,-0.5801514781851993
1130,2,1,1,18.0,1,1,250650,-0.4047249055542802,,0,Miss,2.0,87.0,1.0,0.2816866709781434,1.1788273768718815
1131,1,2,1,48.0,1,0,PC,1.2663366282037323,C86,1,Mrs,1.0,305.0,1.0,-0.48464432423381193,2.2953949410871397
1132,1,2,1,55.0,0,0,112377,-0.14141891009112845,,1,Mrs,0.0,6.0,1.0,-0.14106571562047102,1.8459164019480294
1133,2,2,1,45.0,0,2,237789,-0.1006516267329132,,0,Mrs,2.0,70.0,1.0,0.24236577359365924,1.721727135416216
1134,1,0,0,45.0,1,1,16966,1.76850470484549,E34,1,Mr,6.0,40.0,0.6666666666666666,-0.43277290326925566,1.0214657794641693
1135,3,0,0,,0,0,3470,-0.49617047249394136,,0,Mr,0.0,175.0,0.5,-0.4740352336557729,-0.5770052089845501
1136,3,3,0,,1,2,WC,-0.2178092723964399,,0,Master,7.0,338.0,0.75,-0.48464432423381193,0.9849926299130898
1137,1,0,0,41.0,1,0,17464,0.2903955531630948,D21,0,Mr,1.0,42.0,0.5,-0.4312503306156927,0.3059647500911806
1138,2,2,1,22.0,0,0,FCC,-0.26163159787363693,,0,Mrs,2.0,289.0,1.0,-0.48464432423381193,1.5222841555247029
1139,2,0,0,42.0,1,1,28220,-0.05593496808271216,,0,Mr,5.0,125.0,0.5,-0.39836520719857804,-0.00841731588015715
1140,2,2,1,29.0,1,0,26707,-0.17219828057323486,,0,Mrs,1.0,107.0,1.0,-0.40299101528058756,1.5384214204674325
1141,3,2,1,,1,0,2660,-0.3787141195506313,,1,Mrs,3.0,102.0,0.75,-0.47651170724891745,0.9073543102001871
1142,2,1,1,0.92,1,2,CA,-0.14089661951809412,,0,Miss,3.0,281.0,1.0,-0.48464432423381193,1.4672972992478102
1143,3,0,0,20.0,0,0,SOTONO,-0.4954997226141883,,0,Mr,0.0,329.0,0.5,-0.48464432423381193,-0.575537600650057
1144,1,0,0,27.0,1,0,13508,1.8092719882037054,C89,1,Mr,3.0,35.0,0.75,-0.44334530534961847,0.9978903132210286
1145,3,0,0,24.0,0,0,7266,-0.47045839377007576,,0,Mr,0.0,259.0,0.5,-0.46242943889086335,-0.5709414015264183
1146,3,0,0,32.5,0,0,345775,-0.46732822766456167,,0,Mr,0.0,174.0,0.5,0.5725194494323116,-0.6942275199546002
1147,3,0,0,,0,0,CA,-0.5022072214117185,,0,Mr,1.0,272.0,0.5,-0.48464432423381193,-0.5774827753013407
1148,3,0,0,,0,0,AQ,-0.4986298887197024,,2,Mr,0.0,269.0,0.5,-0.48464432423381193,-0.5764453488206562
1149,3,0,0,28.0,0,0,363611,-0.4932638896816782,,0,Mr,0.0,222.0,0.5,0.6270507864783935,-0.7082926223850938
1150,2,1,1,19.0,0,0,28404,-0.4047249055542802,,0,Miss,0.0,127.0,1.0,-0.3978026502342094,1.140366095417364
1151,3,0,0,21.0,0,0,345501,-0.4981827221332004,,0,Mr,0.0,169.0,0.5,0.5716817287353714,-0.7030747968668727
1152,3,0,0,36.5,1,0,345572,-0.32602358632992645,,0,Mr,1.0,170.0,0.5,0.5718988023466223,-0.6531746963172733
1153,3,0,0,21.0,0,0,350410,-0.496766098387162,,0,Mr,0.0,217.0,0.5,0.5866903816597498,-0.7044650143314468
1154,2,2,1,29.0,0,2,29103,-0.22585827095347608,,0,Mrs,5.0,130.0,0.75,-0.3956655452445698,1.5119809668528403
1155,3,1,1,1.0,1,1,350405,-0.4193329436021279,,0,Miss,5.0,214.0,1.0,0.5866750947857181,0.8079924349810969
1156,2,0,0,30.0,0,0,CA,-0.40942015471255133,,1,Mr,0.0,274.0,0.5,-0.48464432423381193,-0.2205745259585825
1157,3,0,0,,0,0,349235,-0.49602201318722267,,0,Mr,0.0,200.0,0.5,0.5830979662622872,-0.703818139775769
1158,1,0,0,,0,0,112051,-0.6372515305353256,,0,Mr,0.0,4.0,0.5,-0.14206241980734152,0.002244546521636581
1159,3,0,0,,0,0,CA,-0.5022072214117185,,0,Mr,1.0,272.0,0.5,-0.48464432423381193,-0.5774827753013407
1160,3,1,1,,0,0,A,-0.4932638896816782,,0,Miss,7.0,265.0,0.6666666666666666,-0.48464432423381193,0.4617774575670375
1161,3,0,0,17.0,0,0,315095,-0.482308308312379,,0,Mr,0.0,144.0,0.5,0.47871919037345345,-0.6873157122554043
1162,1,0,0,46.0,0,0,13050,0.7085714355290067,C6,1,Mr,1.0,33.0,0.5,-0.44474558301092737,0.4288551862647232
1163,3,0,0,,0,0,368573,-0.4986298887197024,,2,Mr,0.0,235.0,0.5,0.6422214802675087,-0.7116692453608149
1164,1,2,1,26.0,1,0,13508,1.8092719882037054,C89,1,Mrs,3.0,35.0,0.75,-0.44334530534961847,2.197890313221029
1165,3,1,1,,1,0,370371,-0.3600082469040792,,2,Miss,1.0,241.0,1.0,0.6477186401693283,0.6978713715774978
1166,3,0,0,,0,0,2676,-0.5080203870362445,,1,Mr,0.0,110.0,0.5,-0.47646278925201585,-0.580150377530269
1167,2,1,1,20.0,1,0,236853,-0.17219828057323486,,0,Miss,1.0,62.0,1.0,0.23950407077491442,1.1313220101407722
1168,2,0,0,28.0,0,0,SC,-0.4494415642044812,,0,Mr,0.0,315.0,0.5,-0.48464432423381193,-0.23218073471124212
1169,2,0,0,40.0,1,0,2926,-0.17219828057323486,,0,Mr,1.0,133.0,0.5,-0.475698445550428,-0.15285368790018672
1170,2,0,0,30.0,1,0,CA,-0.26163159787363693,,0,Mr,2.0,280.0,0.75,-0.48464432423381193,0.07228415552470269
1171,2,0,0,22.0,0,0,WC,-0.4494415642044812,,0,Mr,1.0,337.0,0.75,-0.48464432423381193,0.01781926528875788
1172,3,1,1,23.0,0,0,315085,-0.482308308312379,,0,Miss,0.0,140.0,1.0,0.4786886166253899,0.6826879565943634
1173,3,3,0,0.75,1,1,SOTONOQ,-0.3908627413727179,,0,Master,8.0,334.0,0.8333333333333333,-0.48464432423381193,0.8981404572433025
1174,3,1,1,,0,0,364859,-0.4986298887197024,,2,Miss,0.0,226.0,1.0,0.63086639023672,0.65969336544288
1175,3,1,1,9.0,1,1,2650,-0.36455503675563167,,1,Miss,5.0,94.0,0.75,-0.476542280996981,0.7014641130605046
1176,3,1,1,2.0,1,1,370129,-0.27571734534845027,,0,Miss,2.0,239.0,1.0,0.6469787554661913,0.8424045191930065
1177,3,0,0,36.0,0,0,A,-0.5075732204497426,,0,Mr,0.0,264.0,0.5,-0.48464432423381193,-0.5790389150223678
1178,3,0,0,,0,0,SOTONOQ,-0.5075732204497426,,0,Mr,1.0,331.0,0.5,-0.48464432423381193,-0.5790389150223678
1179,1,0,0,24.0,1,0,21228,0.8342252463360718,B45,0,Mr,3.0,52.0,0.75,-0.4197423718445864,0.7122944060588111
1180,3,0,0,,0,0,2655,-0.5079452630497123,F E46,1,Mr,0.0,98.0,0.5,-0.47652699412294924,-0.5801208869896626
1181,3,0,0,,0,0,A,-0.4932638896816782,,0,Mr,7.0,265.0,0.6666666666666666,-0.48464432423381193,-0.4082225424329625
1182,1,0,0,,0,0,PC,0.0710603424838588,,0,Mr,0.0,297.0,0.5,-0.48464432423381193,0.24876481822837648
1183,3,1,1,30.0,0,0,382650,-0.5129392194877668,,2,Miss,0.0,247.0,1.0,0.685260145416516,0.6490164088985659
1184,3,0,0,,0,0,2652,-0.5079452630497123,,1,Mr,0.0,95.0,0.5,-0.4765361662473683,-0.5801197863347323
1185,1,5,0,53.0,1,1,33638,0.8269203329789749,A34,0,Dr,5.0,162.0,0.75,-0.38180035049776667,2.4756229386236344
1186,3,0,0,36.0,0,0,345771,-0.46732822766456167,,0,Mr,0.0,173.0,0.5,0.5725072199330862,-0.6942260524146933
1187,3,0,0,26.0,0,0,349202,-0.49602201318722267,,0,Mr,0.0,193.0,0.5,0.5829970728936775,-0.7038060325715358
1188,2,1,1,1.0,1,2,SCParis,0.10646162680404993,,1,Miss,3.0,325.0,1.0,-0.48464432423381193,1.539031190681232
1189,3,0,0,,2,0,2662,-0.24948297605155026,,1,Mr,5.0,104.0,0.5,-0.47650559249930474,-0.5051693919550331
1190,1,0,0,30.0,0,0,113801,0.1765916568983332,,0,Mr,0.0,23.0,0.5,-0.13671201389622675,0.2376170221680638
1191,3,0,0,29.0,0,0,347467,-0.496766098387162,,0,Mr,0.0,188.0,0.5,0.577692527604658,-0.7033852718448359
1192,3,0,0,32.0,0,0,347079,-0.4981827221332004,,0,Mr,0.0,182.0,0.5,0.5765062661797937,-0.7036537413602033
1193,2,0,0,,0,0,237735,-0.3681323694476477,D,1,Mr,0.0,69.0,0.5,0.24220067535411627,-0.2958224681823117
1194,2,0,0,43.0,0,1,SOPP,-0.26163159787363693,,0,Mr,3.0,328.0,0.75,-0.48464432423381193,0.19228415552470268
1195,3,0,0,24.0,0,0,315092,-0.482308308312379,,0,Mr,0.0,143.0,0.5,0.4787100182490344,-0.687314611600474
1196,3,1,1,,0,0,383123,-0.4986298887197024,,2,Miss,0.0,250.0,1.0,0.6867062836999203,0.6529925782272961
1197,1,2,1,64.0,1,1,112901,-0.1623606156701906,B26,0,Mrs,2.0,8.0,1.0,-0.13946365122194293,1.9596510596022778
1198,1,0,0,30.0,1,2,113781,2.073472316839861,C22 C26,0,Mr,4.0,18.0,0.75,-0.13677316139235376,1.277719751250642
1199,3,3,0,0.83,0,1,392091,-0.4700112271835737,,0,Master,1.0,253.0,0.5,0.7141248209632788,0.3980017656011702
1200,1,0,0,55.0,1,1,12749,1.035151502982193,B69,0,Mr,3.0,32.0,0.5,-0.4456658528276391,0.6436738382041526
1201,3,2,1,45.0,1,0,350026,-0.3849011164414731,,0,Mrs,1.0,208.0,1.0,0.585516349734111,1.0281167142638796
1202,3,0,0,18.0,0,0,315091,-0.482308308312379,,0,Mr,0.0,142.0,0.5,0.47870696087422804,-0.6873142447154972
1203,3,0,0,22.0,0,0,2658,-0.5080203870362445,,1,Mr,0.0,101.0,0.5,-0.47651782199853016,-0.5801437736006871
1204,3,0,0,,0,0,LP,-0.5017600548252165,,0,Mr,0.0,290.0,0.5,-0.48464432423381193,-0.5773530969912553
1205,3,1,1,37.0,0,0,368364,-0.4986298887197024,,2,Miss,0.0,233.0,1.0,0.6415824889329813,0.6584074335993286
1206,1,2,1,55.0,0,0,PC,1.7887756605447989,C32,1,Mrs,0.0,307.0,1.0,-0.48464432423381193,2.4469022604660493
1207,3,1,1,17.0,0,0,AQ,-0.49892859599948575,,2,Miss,0.0,268.0,1.0,-0.48464432423381193,0.7934680260682067
1208,1,0,0,57.0,1,0,PC,1.9835167089664247,B78,1,Mr,1.0,308.0,0.5,-0.48464432423381193,0.8033771645083205
1209,2,0,0,19.0,0,0,28004,-0.4494415642044812,,0,Mr,0.0,122.0,0.5,-0.3990256001567499,-0.2424549816004895
1210,3,0,0,27.0,0,0,350408,-0.496766098387162,,0,Mr,0.0,215.0,0.5,0.5866842669101372,-0.7044642805614934
1211,2,0,0,22.0,2,0,CA,-0.07382163154279257,,0,Mr,6.0,282.0,0.5,-0.48464432423381193,-0.1232509542393525
1212,3,0,0,26.0,0,0,347075,-0.4981827221332004,,0,Mr,0.0,180.0,0.5,0.5764940366805683,-0.7036522738202962
1213,3,0,0,25.0,0,0,2654,-0.5079452630497123,F E57,1,Mr,0.0,97.0,0.5,-0.47653005149775557,-0.580120520104686
1214,2,0,0,26.0,0,0,244368,-0.4047249055542802,F2,0,Mr,0.0,80.0,0.5,0.2624802424446445,-0.3088678517040986
1215,1,0,0,33.0,0,0,113790,-0.1623606156701906,,0,Mr,0.0,19.0,0.5,-0.1367456450190966,0.1393248988579363
1216,1,1,1,39.0,0,0,24160,3.142871208459419,,0,Miss,0.0,75.0,1.0,-0.41077814891236436,2.500726028322715
1217,3,0,0,23.0,0,0,SOTONOQ,-0.5111505531417586,,0,Mr,1.0,330.0,0.5,-0.48464432423381193,-0.5800763415030525
1218,2,1,1,12.0,2,1,230136,0.06032834440781053,F4,0,Miss,7.0,58.0,1.0,0.21896768420065268,1.3212190977741867
1219,1,0,0,46.0,0,0,PC,0.7793722155030431,,1,Mr,0.0,303.0,0.5,-0.48464432423381193,0.45417526140393993
1220,2,0,0,29.0,1,0,2003,-0.17219828057323486,,0,Mr,1.0,50.0,0.5,-0.47852040249669026,-0.15251505306663526
1221,2,0,0,21.0,0,0,236854,-0.4047249055542802,,0,Mr,0.0,63.0,0.5,0.23950712814972075,-0.30611107798870774
1222,2,2,1,48.0,0,2,CA,0.020083351622629596,,0,Mrs,3.0,283.0,1.0,-0.48464432423381193,1.84398149087862
1223,1,0,0,39.0,0,0,PC,-0.10601762577093733,A18,1,Mr,1.0,293.0,0.5,-0.48464432423381193,0.19741220743448556
1224,3,0,0,,0,0,2684,-0.5080203870362445,,1,Mr,0.0,116.0,0.5,-0.476438330253565,-0.5801533126100831
1225,3,2,1,19.0,1,1,2653,-0.3556850403457777,,1,Mrs,2.0,96.0,1.0,-0.47653310887256195,1.2840353113644318
1226,3,0,0,27.0,0,0,349229,-0.49602201318722267,,0,Mr,0.0,197.0,0.5,0.583079622013449,-0.7038159384659084
1227,1,0,0,30.0,0,0,110469,-0.17219828057323486,C106,0,Mr,0.0,0.0,0.5,-0.1468991867509893,0.13769040104388064
1228,2,0,0,32.0,0,0,244360,-0.4047249055542802,,0,Mr,0.0,79.0,0.5,0.2624557834461937,-0.3088649166242845
1229,3,0,0,39.0,0,2,2675,-0.5079452630497123,,1,Mr,2.0,109.0,0.5,-0.4764658466268222,-0.3401282246891979
1230,2,0,0,25.0,0,0,CA,-0.07382163154279257,,0,Mr,6.0,282.0,0.5,-0.48464432423381193,-0.1232509542393525
1231,3,3,0,,0,0,2622,-0.5079452630497123,,1,Master,0.0,91.0,0.5,-0.4766278874915588,0.4098912202145705
1232,2,0,0,18.0,0,0,CA,-0.4494415642044812,,0,Mr,3.0,273.0,0.5,-0.48464432423381193,-0.23218073471124212
1233,3,0,0,32.0,0,0,350403,-0.5016849308386842,,0,Mr,0.0,213.0,0.5,0.5866689800361055,-0.705888907547551
1234,3,0,0,,1,9,CA,0.6067659131132671,,0,Mr,43.0,285.0,0.75,-0.48464432423381193,1.074119433710905
1235,1,2,1,58.0,0,1,PC,8.526608450636905,B51 B53 B55,1,Mrs,1.0,313.0,1.0,-0.48464432423381193,4.520873769592759
1236,3,3,0,,1,1,A,-0.3778949103641596,,0,Master,7.0,266.0,0.5,-0.48464432423381193,0.5685677949024511
1237,3,1,1,16.0,0,0,348125,-0.5004185550657104,,0,Miss,0.0,192.0,1.0,0.5797042802272372,0.6653141054036756
1238,2,0,0,26.0,0,0,237670,-0.4047249055542802,,0,Mr,0.0,67.0,0.5,0.24200194599170344,-0.3064104561297457
1239,3,2,1,38.0,0,0,2688,-0.5079452630497123,,1,Mrs,0.0,117.0,1.0,-0.4764261007543396,1.1198670058061042
1240,2,0,0,24.0,0,0,248726,-0.39578157382424,,0,Mr,0.0,82.0,0.5,0.2758042818507235,-0.3078731702311164
1241,2,1,1,31.0,0,0,FCC,-0.26163159787363693,,0,Miss,2.0,289.0,1.0,-0.48464432423381193,1.1922841555247028
1242,1,2,1,45.0,0,1,PC,0.49601705896748727,D10 D12,1,Mrs,1.0,301.0,1.0,-0.48464432423381193,2.192002266008629
1243,2,0,0,25.0,0,0,FCC,-0.4494415642044812,,0,Mr,0.0,288.0,0.5,-0.48464432423381193,-0.23218073471124212
1244,2,0,0,18.0,0,0,SOC,0.6774182337805847,,0,Mr,1.0,326.0,0.5,-0.48464432423381193,0.09460860670442695
1245,2,0,0,49.0,1,2,220845,0.5253815943699013,,0,Mr,8.0,55.0,0.6666666666666666,0.19056161487484266,0.37615993524895686
1246,3,1,1,0.17,1,2,CA,-0.2692334298441711,,0,Miss,7.0,279.0,1.0,-0.48464432423381193,1.100079624253248
1247,1,0,0,50.0,0,0,113044,-0.17219828057323486,E60,0,Mr,0.0,10.0,0.5,-0.13902644662463468,0.13674567222871803
1248,1,2,1,59.0,2,0,11769,0.283539595058846,C101,0,Mrs,2.0,27.0,1.0,-0.4486620801378634,2.006065932183609
1249,3,0,0,,0,0,1222,-0.49631893180066,,0,Mr,0.0,31.0,0.5,-0.48090821222045066,-0.5762235047557374
1250,3,0,0,,0,0,368402,-0.4986298887197024,,2,Mr,0.0,234.0,0.5,0.6416986691756227,-0.7116065080297884
1251,3,2,1,30.0,1,0,349910,-0.35911391373107515,,0,Mrs,1.0,206.0,1.0,0.5851616942565743,1.0356375617071993
1252,3,3,0,14.5,8,2,CA,0.6067659131132671,,0,Master,43.0,285.0,0.75,-0.48464432423381193,1.224119433710905
1253,2,2,1,24.0,1,1,SCPARIS,0.02463014147418199,,1,Mrs,2.0,324.0,1.0,-0.48464432423381193,1.7253000599355701
1254,2,2,1,31.0,0,0,CA,-0.26163159787363693,,0,Mrs,2.0,280.0,0.75,-0.48464432423381193,1.2722841555247029
1255,3,0,0,27.0,0,0,315083,-0.482308308312379,,0,Mr,0.0,139.0,0.5,0.4786825018757772,-0.6873113096356831
1256,1,2,1,25.0,1,0,11765,0.3544154990194146,E50,1,Mrs,1.0,25.0,1.0,-0.4486743096370888,2.026621411872081
1257,3,2,1,,1,9,CA,0.6067659131132671,,0,Mrs,43.0,285.0,0.75,-0.48464432423381193,2.274119433710905
1258,3,0,0,,1,0,2689,-0.37864078423044495,,1,Mr,1.0,118.0,0.5,-0.4764230433795333,-0.542635062221285
1259,3,1,1,22.0,0,0,3101295,0.07262542553661581,,0,Miss,0.0,136.0,1.0,8.997176875829469,-0.17859985169391757
1260,1,2,1,45.0,0,1,112378,0.42521627899345094,,1,Mrs,3.0,7.0,1.0,-0.14106265824566466,2.1302402398975806
1261,2,0,0,29.0,0,0,SCPARIS,-0.3893727823064932,,1,Mr,2.0,320.0,0.75,-0.48464432423381193,0.03523921203917435
1262,2,0,0,21.0,1,0,28133,-0.43155490074440084,,0,Mr,1.0,124.0,0.5,-0.3986311988067306,-0.2373151773590686
1263,1,1,1,31.0,0,0,16966,1.76850470484549,E39 E41,1,Miss,6.0,40.0,0.6666666666666666,-0.43277290326925566,1.7714657794641693
1264,1,0,0,49.0,0,0,112058,-0.6372515305353256,B52 B54 B56,0,Mr,0.0,5.0,0.5,-0.14204101818369708,0.0022419783267992877
1265,2,0,0,44.0,0,0,248746,-0.4047249055542802,,0,Mr,0.0,86.0,0.5,0.27586542934685054,-0.3104740741323634
1266,1,2,1,54.0,1,1,33638,0.8269203329789749,A34,0,Mrs,5.0,162.0,0.75,-0.38180035049776667,2.025622938623635
1267,1,1,1,45.0,0,0,PC,4.0557617948032725,,1,Miss,16.0,312.0,0.8,-0.48464432423381193,2.5743282394010065
1268,3,1,1,22.0,2,0,315152,-0.482308308312379,,0,Miss,2.0,145.0,1.0,0.47889346073741546,0.6826633753009204
1269,2,0,0,21.0,0,0,29107,-0.43155490074440084,,0,Mr,0.0,132.0,0.5,-0.3956533157453444,-0.23767252332643496
1270,1,0,0,55.0,0,0,680,0.2570816424686951,C39,0,Mr,0.0,257.0,0.5,-0.4825653093654931,0.3024615134397807
1271,3,3,0,5.0,4,2,347077,-0.07583388118205163,,0,Master,20.0,181.0,0.5,0.576500151430181,0.6488281562855833
1272,3,0,0,,0,0,366713,-0.4986298887197024,,2,Mr,0.0,230.0,0.5,0.6365347631276953,-0.7109868393040373
1273,3,0,0,26.0,0,0,330910,-0.49631893180066,,2,Mr,0.0,151.0,0.5,0.5270715729358993,-0.6971810789744994
1274,3,2,1,,0,0,364498,-0.3778949103641596,,0,Mrs,0.0,223.0,1.0,0.6297626779316271,1.0248389546425984
1275,3,2,1,19.0,1,0,376566,-0.34927624882803093,,0,Mrs,1.0,246.0,1.0,0.6666590770946748,1.0287107985885102
1276,2,0,0,,0,0,SCPARIS,-0.40696073848679026,,0,Mr,0.0,319.0,0.5,-0.48464432423381193,-0.21986129525311182
1277,2,1,1,24.0,1,2,220845,0.5253815943699013,,0,Miss,8.0,55.0,0.6666666666666666,0.19056161487484266,1.246159935248957
1278,3,0,0,24.0,0,0,349911,-0.4981827221332004,,0,Mr,0.0,207.0,0.5,0.5851647516313806,-0.7046927596143937
1279,2,0,0,57.0,0,0,244346,-0.4047249055542802,,0,Mr,0.0,77.0,0.5,0.26241298019890474,-0.3088597802346098
1280,3,0,0,21.0,0,0,364858,-0.4986298887197024,,2,Mr,0.0,225.0,0.5,0.6308633328619135,-0.7103062676721434
1281,3,3,0,6.0,3,1,349909,-0.2602900981141309,,0,Master,4.0,205.0,0.5,0.5851586368817678,0.4742968351210899
1282,1,0,0,23.0,0,0,12749,1.035151502982193,B24,0,Mr,3.0,32.0,0.5,-0.4456658528276391,0.5236738382041526
1283,1,2,1,51.0,0,1,PC,0.06748300979184267,D28,0,Mrs,1.0,296.0,1.0,-0.48464432423381193,2.0677273917476917
1284,3,3,0,13.0,0,2,CA,-0.2750465954686972,,0,Master,2.0,278.0,0.5,-0.48464432423381193,0.7183938062221352
1285,2,0,0,47.0,0,0,CA,-0.4494415642044812,,0,Mr,3.0,273.0,0.5,-0.48464432423381193,-0.23218073471124212
1286,3,0,0,29.0,3,1,315153,-0.2432977678270545,,0,Mr,7.0,146.0,0.75,0.47889651811222184,-0.24802393484331242
1287,1,2,1,18.0,1,0,13695,0.4359482770694992,C31,0,Mrs,3.0,37.0,0.75,-0.4427735762608308,1.7995578295014547
1288,3,0,0,24.0,0,0,371109,-0.5075732204497426,,2,Mr,0.0,243.0,0.5,0.6499749827764156,-0.7151932318635952
1289,1,2,1,48.0,1,1,13567,0.7793722155030431,B41,1,Mrs,2.0,36.0,1.0,-0.44316492023604376,2.2691977329242077
1290,3,0,0,22.0,0,0,347065,-0.4981827221332004,,0,Mr,0.0,176.0,0.5,0.5764634629325047,-0.7036486049705286
1291,3,0,0,31.0,0,0,21332,-0.49892859599948575,,2,Mr,0.0,53.0,0.5,-0.4194244048647258,-0.5843583642560837
1292,1,1,1,30.0,0,0,36928,2.311663648138714,C7,0,Miss,3.0,238.0,0.75,-0.37174158738487084,2.0049914484464115
1293,2,0,0,38.0,1,0,28664,-0.26163159787363693,,0,Mr,1.0,128.0,0.5,-0.39700773278455803,-0.18823223544920775
1294,1,1,1,22.0,0,1,112378,0.42521627899345094,,1,Miss,3.0,7.0,1.0,-0.14106265824566466,1.8002402398975805
1295,1,0,0,17.0,0,0,113059,0.20521031843446189,,0,Mr,0.0,12.0,0.5,-0.1389805860025394,0.24618866266629863
1296,1,0,0,43.0,1,0,17765,-0.14141891009112845,D40,1,Mr,1.0,44.0,0.5,-0.43033006079898095,0.18062812336945044
1297,2,0,0,20.0,0,0,SCPARIS,-0.3892976583199608,D38,1,Mr,0.0,321.0,0.5,-0.48464432423381193,-0.21473900200473128
1298,2,0,0,23.0,1,0,28666,-0.4494415642044812,,0,Mr,1.0,129.0,0.5,-0.3970016180349453,-0.24269785945510614
1299,1,0,0,50.0,1,1,113503,3.145777791271682,C80,1,Mr,7.0,13.0,0.75,-0.13762311158851942,1.46879033285941
1300,3,1,1,,0,0,334915,-0.4991521792927367,,2,Miss,0.0,160.0,1.0,0.5393163590353364,0.6705279049208661
1301,3,1,1,3.0,1,1,SOTONOQ,-0.3908627413727179,,0,Miss,8.0,334.0,0.8333333333333333,-0.48464432423381193,0.7781404572433026
1302,3,1,1,,0,0,365237,-0.4986298887197024,,2,Miss,0.0,228.0,1.0,0.6320220779135207,0.659554682921664
1303,1,2,1,37.0,1,0,19928,0.9725481808719116,C78,2,Mrs,1.0,48.0,1.0,-0.42371695909284307,2.202885007543996
1304,3,1,1,28.0,0,0,347086,-0.4981827221332004,,0,Miss,0.0,184.0,1.0,0.5765276678034381,0.6663436904449594
1305,3,0,0,,0,0,A,-0.4932638896816782,,0,Mr,7.0,265.0,0.6666666666666666,-0.48464432423381193,-0.4082225424329625
1306,1,11,1,39.0,0,0,PC,1.3106061202674315,C105,1,Dona,0.0,306.0,1.0,-0.48464432423381193,5.278233093785613
1307,3,0,0,38.5,0,0,SOTONOQ,-0.5075732204497426,,0,Mr,1.0,331.0,0.5,-0.48464432423381193,-0.5790389150223678
1308,3,0,0,,0,0,359309,-0.4932638896816782,,0,Mr,0.0,220.0,0.5,0.6138979600614702,-0.706714283215063
1309,3,3,0,,1,1,2668,-0.23733614289580968,,1,Master,2.0,105.0,0.5,-0.4764872482504667,0.6083509883502712
